episodes Index (generated),Season Num,Episode Num,Episode Air Date,Episode Description,Episode Link,Episode Title,Name (Episodes.Scenes.Characters),Killed By,killedBy Index (generated),Location,Sub Location,Manner Of Death,scenes Index (generated),Scene End,Scene Start
1,1,1,2011-04-17,"Jon Arryn, the Hand of the King, is dead. King Robert Baratheon plans to ask his oldest friend, Eddard Stark, to take Jon's place. Across the sea, Viserys Targaryen plans to wed his sister to a nomadic warlord in exchange for an army.",/title/tt1480055/,Winter Is Coming,Waymar Royce,White Walker,1,North of the Wall,The Haunted Forest,Back stab,10,0:06:21,0:05:58
1,1,1,2011-04-17,"Jon Arryn, the Hand of the King, is dead. King Robert Baratheon plans to ask his oldest friend, Eddard Stark, to take Jon's place. Across the sea, Viserys Targaryen plans to wed his sister to a nomadic warlord in exchange for an army.",/title/tt1480055/,Winter Is Coming,Gared,White Walker,1,North of the Wall,The Haunted Forest,Decapitation,13,0:07:45,0:06:49
1,1,1,2011-04-17,"Jon Arryn, the Hand of the King, is dead. King Robert Baratheon plans to ask his oldest friend, Eddard Stark, to take Jon's place. Across the sea, Viserys Targaryen plans to wed his sister to a nomadic warlord in exchange for an army.",/title/tt1480055/,Winter Is Coming,Will,Eddard Stark,1,The North,Outside Winterfell,Decapitation,15,0:15:41,0:12:38
1,1,1,2011-04-17,"Jon Arryn, the Hand of the King, is dead. King Robert Baratheon plans to ask his oldest friend, Eddard Stark, to take Jon's place. Across the sea, Viserys Targaryen plans to wed his sister to a nomadic warlord in exchange for an army.",/title/tt1480055/,Winter Is Coming,Jon Arryn,Lysa Arryn,1,The Crownlands,King's Landing,Poison,17,0:20:45,0:18:44
2,1,2,2011-04-24,"While Bran recovers from his fall, Ned takes only his daughters to King's Landing. Jon Snow goes with his uncle Benjen to The Wall. Tyrion joins them.",/title/tt1668746/,The Kingsroad,Catspaw Assassin,Summer,1,The North,Winterfell,Mauling,13,0:32:28,0:29:16
2,1,2,2011-04-24,"While Bran recovers from his fall, Ned takes only his daughters to King's Landing. Jon Snow goes with his uncle Benjen to The Wall. Tyrion joins them.",/title/tt1668746/,The Kingsroad,Mycah,Sandor Clegane,1,The Riverlands,Crossroads Inn,Horse,26,0:53:30,0:52:59
2,1,2,2011-04-24,"While Bran recovers from his fall, Ned takes only his daughters to King's Landing. Jon Snow goes with his uncle Benjen to The Wall. Tyrion joins them.",/title/tt1668746/,The Kingsroad,Lady,Eddard Stark,1,The Riverlands,Crossroads Inn,Stab,30,0:54:35,0:54:25
4,1,4,2011-05-08,"Eddard investigates Jon Arryn's murder. Jon befriends Samwell Tarly, a coward who has come to join the Night's Watch.",/title/tt1829963/,"Cripples, Bastards, and Broken Things",Hugh of the Vale,Gregor Clegane,1,The Crownlands,King's Landing,Throat stab,26,0:49:47,0:45:38
5,1,5,2011-05-15,"Catelyn has captured Tyrion and plans to bring him to her sister, Lysa Arryn, at The Vale, to be tried for his, supposed, crimes against Bran. Robert plans to have Daenerys killed, but Eddard refuses to be a part of it and quits.",/title/tt1829964/,The Wolf and the Lion,Jory Cassel,Jaime Lannister,1,The Crownlands,King's Landing,Eye stab,28,0:53:06,0:49:53
6,1,6,2011-05-22,"While recovering from his battle with Jaime, Eddard is forced to run the kingdom while Robert goes hunting. Tyrion demands a trial by combat for his freedom. Viserys is losing his patience with Drogo.",/title/tt1837862/,A Golden Crown,Stiv,Theon Greyjoy,1,The North,The Wolfswood,Arrow,6,0:13:09,0:09:42
6,1,6,2011-05-22,"While recovering from his battle with Jaime, Eddard is forced to run the kingdom while Robert goes hunting. Tyrion demands a trial by combat for his freedom. Viserys is losing his patience with Drogo.",/title/tt1837862/,A Golden Crown,Wallen,Robb Stark,1,The North,The Wolfswood,Throat slash,6,0:13:09,0:09:42
6,1,6,2011-05-22,"While recovering from his battle with Jaime, Eddard is forced to run the kingdom while Robert goes hunting. Tyrion demands a trial by combat for his freedom. Viserys is losing his patience with Drogo.",/title/tt1837862/,A Golden Crown,Vardis Egen,Bronn,1,The Vale,The Eyrie,Neck stab,15,0:39:52,0:35:25
6,1,6,2011-05-22,"While recovering from his battle with Jaime, Eddard is forced to run the kingdom while Robert goes hunting. Tyrion demands a trial by combat for his freedom. Viserys is losing his patience with Drogo.",/title/tt1837862/,A Golden Crown,Viserys Targaryen,Khal Drogo,1,Vaes Dothrak,,Molten gold,19,0:51:30,0:46:45
7,1,7,2011-05-29,"Robert has been injured while hunting and is dying. Jon and the others finally take their vows to the Night's Watch. A man, sent by Robert, is captured for trying to poison Daenerys. Furious, Drogo vows to attack the Seven Kingdoms.",/title/tt1837863/,You Win or You Die,Robert Baratheon,Boar,1,The Crownlands,King's Landing,Boar,22,0:52:17,0:51:57
8,1,8,2011-06-05,"Eddard and his men are betrayed and captured by the Lannisters. When word reaches Robb, he plans to go to war to rescue them. The White Walkers attack The Wall. Tyrion returns to his father with some new friends.",/title/tt1837864/,The Pointy End,Vayon Poole,Lannister Guard,1,The Crownlands,King's Landing,Chest stab,4,0:02:37,0:02:22
8,1,8,2011-06-05,"Eddard and his men are betrayed and captured by the Lannisters. When word reaches Robb, he plans to go to war to rescue them. The White Walkers attack The Wall. Tyrion returns to his father with some new friends.",/title/tt1837864/,The Pointy End,Syrio Forel,Meryn Trant,1,The Crownlands,King's Landing,,6,0:05:53,0:03:19
8,1,8,2011-06-05,"Eddard and his men are betrayed and captured by the Lannisters. When word reaches Robb, he plans to go to war to rescue them. The White Walkers attack The Wall. Tyrion returns to his father with some new friends.",/title/tt1837864/,The Pointy End,Red Keep Stableboy,Arya Stark,1,The Crownlands,King's Landing,Chest stab,9,0:07:12,0:06:35
8,1,8,2011-06-05,"Eddard and his men are betrayed and captured by the Lannisters. When word reaches Robb, he plans to go to war to rescue them. The White Walkers attack The Wall. Tyrion returns to his father with some new friends.",/title/tt1837864/,The Pointy End,Othor,Jon Snow,1,The Wall,Castle Black,Burning,21,0:26:14,0:24:48
8,1,8,2011-06-05,"Eddard and his men are betrayed and captured by the Lannisters. When word reaches Robb, he plans to go to war to rescue them. The White Walkers attack The Wall. Tyrion returns to his father with some new friends.",/title/tt1837864/,The Pointy End,Mago,Khal Drogo,1,The Dothraki Sea,Lhazareen Village,Tongue removal,23,0:32:33,0:28:20
9,1,9,2011-06-12,Robb goes to war against the Lannisters. Jon finds himself struggling on deciding if his place is with Robb or the Night's Watch. Drogo has fallen ill from a fresh battle wound. Daenerys is desperate to save him.,/title/tt1851398/,Baelor,Qotho,Jorah Mormont,1,The Red Waste,,Face stab,15,0:35:26,0:27:41
9,1,9,2011-06-12,Robb goes to war against the Lannisters. Jon finds himself struggling on deciding if his place is with Robb or the Night's Watch. Drogo has fallen ill from a fresh battle wound. Daenerys is desperate to save him.,/title/tt1851398/,Baelor,Eddard Stark,Ilyn Payne,1,The Crownlands,King's Landing,Decapitation,25,0:55:54,0:50:24
10,1,10,2011-06-19,"With Ned dead, Robb vows to get revenge on the Lannisters. Jon must officially decide if his place is with Robb or the Night's Watch. Daenerys says her final goodbye to Drogo.",/title/tt1851397/,Fire and Blood,Khal Drogo,Daenerys Targaryen,1,The Red Waste,,Suffocation,22,0:34:28,0:33:02
10,1,10,2011-06-19,"With Ned dead, Robb vows to get revenge on the Lannisters. Jon must officially decide if his place is with Robb or the Night's Watch. Daenerys says her final goodbye to Drogo.",/title/tt1851397/,Fire and Blood,Mirri Maz Duur,Daenerys Targaryen,1,The Red Waste,,Burning,31,0:50:09,0:45:46
11,2,1,2012-04-01,Tyrion arrives at King's Landing to take his father's place as Hand of the King. Stannis Baratheon plans to take the Iron Throne for his own. Robb tries to decide his next move in the war. The Night's Watch arrive at the house of Craster.,/title/tt1971833/,The North Remembers,Maester Cressen,Maester Cressen,1,The Crownlands,Dragonstone,Poison,18,0:32:14,0:29:10
11,2,1,2012-04-01,Tyrion arrives at King's Landing to take his father's place as Hand of the King. Stannis Baratheon plans to take the Iron Throne for his own. Robb tries to decide his next move in the war. The Night's Watch arrive at the house of Craster.,/title/tt1971833/,The North Remembers,Barra,Janos Slynt,1,The Crownlands,King's Landing,,27,0:50:32,0:48:27
13,2,3,2012-04-15,Tyrion tries to see who he can trust in the small council. Catelyn visits Renly to try and persuade him to join Robb in the war. Theon must decide if his loyalties lie with his own family or with Robb.,/title/tt2070135/,What Is Dead May Never Die,Yoren,Amory Lorch,1,The Riverlands,The Kingsroad,Back stab,28,0:48:33,0:47:01
13,2,3,2012-04-15,Tyrion tries to see who he can trust in the small council. Catelyn visits Renly to try and persuade him to join Robb in the war. Theon must decide if his loyalties lie with his own family or with Robb.,/title/tt2070135/,What Is Dead May Never Die,Lommy Greenhands,Polliver,1,The Riverlands,The Kingsroad,Neck stab,29,0:50:32,0:48:33
14,2,4,2012-04-22,"Lord Baelish arrives at Renly's camp just before he faces off against Stannis. Daenerys and her company are welcomed into the city of Qarth. Arya, Gendry, and Hot Pie find themselves imprisoned at Harrenhal.",/title/tt2069319/,Garden of Bones,Rennick,Grey Wind,1,The Westerlands,Oxcross,Mauling,1,0:03:42,0:01:53
14,2,4,2012-04-22,"Lord Baelish arrives at Renly's camp just before he faces off against Stannis. Daenerys and her company are welcomed into the city of Qarth. Arya, Gendry, and Hot Pie find themselves imprisoned at Harrenhal.",/title/tt2069319/,Garden of Bones,Tortured Prisoner,The Tickler,1,The Riverlands,Harrenhal,Decapitation,28,0:38:15,0:37:27
15,2,5,2012-04-29,"Tyrion investigates a secret weapon that King Joffrey plans to use against Stannis. Meanwhile, as a token for saving his life, Jaqen H'ghar offers to kill three people that Arya chooses.",/title/tt2074658/,The Ghost of Harrenhal,Renly Baratheon,Melisandre,1,The Stormlands,Storm's End,Shadow baby,1,0:05:17,0:01:54
15,2,5,2012-04-29,"Tyrion investigates a secret weapon that King Joffrey plans to use against Stannis. Meanwhile, as a token for saving his life, Jaqen H'ghar offers to kill three people that Arya chooses.",/title/tt2074658/,The Ghost of Harrenhal,The Tickler,Jaqen H'ghar,1,The Riverlands,Harrenhal,Falling,38,0:52:48,0:51:35
16,2,6,2012-05-06,"Theon seizes control of Winterfell. Jon captures a wildling, named Ygritte. The people of King's Landing begin to turn against King Joffrey. Daenerys looks to buy ships to sail for the Seven Kingdoms.",/title/tt2085238/,The Old Gods and the New,Rodrik Cassel,Theon Greyjoy,1,The North,Winterfell,Decapitation,6,0:10:03,0:06:27
16,2,6,2012-05-06,"Theon seizes control of Winterfell. Jon captures a wildling, named Ygritte. The people of King's Landing begin to turn against King Joffrey. Daenerys looks to buy ships to sail for the Seven Kingdoms.",/title/tt2085238/,The Old Gods and the New,High Septon,King's Landing Mob,1,The Crownlands,King's Landing,Torn apart,17,0:27:09,0:25:39
16,2,6,2012-05-06,"Theon seizes control of Winterfell. Jon captures a wildling, named Ygritte. The people of King's Landing begin to turn against King Joffrey. Daenerys looks to buy ships to sail for the Seven Kingdoms.",/title/tt2085238/,The Old Gods and the New,King's Landing Rioter #1,Sandor Clegane,1,The Crownlands,King's Landing,Gutted,24,0:29:15,0:28:34
16,2,6,2012-05-06,"Theon seizes control of Winterfell. Jon captures a wildling, named Ygritte. The people of King's Landing begin to turn against King Joffrey. Daenerys looks to buy ships to sail for the Seven Kingdoms.",/title/tt2085238/,The Old Gods and the New,King's Landing Rioter #2,Sandor Clegane,1,The Crownlands,King's Landing,Back stab,24,0:29:15,0:28:34
16,2,6,2012-05-06,"Theon seizes control of Winterfell. Jon captures a wildling, named Ygritte. The people of King's Landing begin to turn against King Joffrey. Daenerys looks to buy ships to sail for the Seven Kingdoms.",/title/tt2085238/,The Old Gods and the New,King's Landing Rioter #3,Sandor Clegane,1,The Crownlands,King's Landing,Throat slash,24,0:29:15,0:28:34
16,2,6,2012-05-06,"Theon seizes control of Winterfell. Jon captures a wildling, named Ygritte. The people of King's Landing begin to turn against King Joffrey. Daenerys looks to buy ships to sail for the Seven Kingdoms.",/title/tt2085238/,The Old Gods and the New,Amory Lorch,Jaqen H'ghar,1,The Riverlands,Harrenhal,Poison dart,33,0:38:51,0:38:41
16,2,6,2012-05-06,"Theon seizes control of Winterfell. Jon captures a wildling, named Ygritte. The people of King's Landing begin to turn against King Joffrey. Daenerys looks to buy ships to sail for the Seven Kingdoms.",/title/tt2085238/,The Old Gods and the New,Drennan,Osha,1,The North,Winterfell,Throat slash,43,0:50:24,0:49:43
16,2,6,2012-05-06,"Theon seizes control of Winterfell. Jon captures a wildling, named Ygritte. The people of King's Landing begin to turn against King Joffrey. Daenerys looks to buy ships to sail for the Seven Kingdoms.",/title/tt2085238/,The Old Gods and the New,Irri,Doreah,1,Qarth,,,46,0:52:17,0:51:33
17,2,7,2012-05-13,Bran and Rickon have escaped Winterfell. Theon tries to hunt them down. Daenerys' dragons have been stolen. Jon travels through the wilderness with Ygritte as his prisoner. Sansa has bled and is now ready to have Joffrey's children.,/title/tt2085239/,A Man Without Honor,Alton Lannister,Jaime Lannister,1,The Westerlands,Camp of the North,Head crush,26,0:39:00,0:32:47
17,2,7,2012-05-13,Bran and Rickon have escaped Winterfell. Theon tries to hunt them down. Daenerys' dragons have been stolen. Jon travels through the wilderness with Ygritte as his prisoner. Sansa has bled and is now ready to have Joffrey's children.,/title/tt2085239/,A Man Without Honor,Torrhen Karstark,Jaime Lannister,1,The Westerlands,Camp of the North,Neck snap,27,0:39:24,0:39:00
17,2,7,2012-05-13,Bran and Rickon have escaped Winterfell. Theon tries to hunt them down. Daenerys' dragons have been stolen. Jon travels through the wilderness with Ygritte as his prisoner. Sansa has bled and is now ready to have Joffrey's children.,/title/tt2085239/,A Man Without Honor,Spice King,Pyat Pree,1,Qarth,,Throat slash,29,0:43:05,0:40:50
17,2,7,2012-05-13,Bran and Rickon have escaped Winterfell. Theon tries to hunt them down. Daenerys' dragons have been stolen. Jon travels through the wilderness with Ygritte as his prisoner. Sansa has bled and is now ready to have Joffrey's children.,/title/tt2085239/,A Man Without Honor,Silk King,Pyat Pree,1,Qarth,,Throat slash,29,0:43:05,0:40:50
19,2,9,2012-05-27,Stannis Baratheon's fleet and army arrive at King's Landing and the battle for the city begins. Cersei plans for her and her children's future.,/title/tt2084342/,Blackwater,Matthos Seaworth,Bronn,1,The Crownlands,Blackwater Bay,Wildfire,45,0:25:16,0:24:58
19,2,9,2012-05-27,Stannis Baratheon's fleet and army arrive at King's Landing and the battle for the city begins. Cersei plans for her and her children's future.,/title/tt2084342/,Blackwater,Mandon Moore,Podrick Payne,1,The Crownlands,King's Landing,Face stab,115,0:50:02,0:49:35
20,2,10,2012-06-03,Joffrey puts Sansa aside for Margaery Tyrell. Robb marries Talisa Maegyr. Jon prepares to meet Mance Rayder. Arya says farewell to Jaqen H'ghar. Daenerys tries to rescue her dragons.,/title/tt2112510/,Valar Morghulis,Soldier Tom,Brienne of Tarth,1,The Riverlands,East to King's Landing,Multiple stabs,8,0:16:47,0:13:24
20,2,10,2012-06-03,Joffrey puts Sansa aside for Margaery Tyrell. Robb marries Talisa Maegyr. Jon prepares to meet Mance Rayder. Arya says farewell to Jaqen H'ghar. Daenerys tries to rescue her dragons.,/title/tt2112510/,Valar Morghulis,Stark Soldier,Brienne of Tarth,1,The Riverlands,East to King's Landing,Throat slash,8,0:16:47,0:13:24
20,2,10,2012-06-03,Joffrey puts Sansa aside for Margaery Tyrell. Robb marries Talisa Maegyr. Jon prepares to meet Mance Rayder. Arya says farewell to Jaqen H'ghar. Daenerys tries to rescue her dragons.,/title/tt2112510/,Valar Morghulis,Maester Luwin,Osha,1,The North,Winterfell,,28,0:43:08,0:42:29
20,2,10,2012-06-03,Joffrey puts Sansa aside for Margaery Tyrell. Robb marries Talisa Maegyr. Jon prepares to meet Mance Rayder. Arya says farewell to Jaqen H'ghar. Daenerys tries to rescue her dragons.,/title/tt2112510/,Valar Morghulis,Pyat Pree,Daenerys Targaryen,1,Qarth,,Dragon,34,0:51:47,0:49:31
20,2,10,2012-06-03,Joffrey puts Sansa aside for Margaery Tyrell. Robb marries Talisa Maegyr. Jon prepares to meet Mance Rayder. Arya says farewell to Jaqen H'ghar. Daenerys tries to rescue her dragons.,/title/tt2112510/,Valar Morghulis,Qhorin Halfhand,Jon Snow,1,North of the Wall,Frostfang Mountains,Chest stab,35,0:54:51,0:51:47
20,2,10,2012-06-03,Joffrey puts Sansa aside for Margaery Tyrell. Robb marries Talisa Maegyr. Jon prepares to meet Mance Rayder. Arya says farewell to Jaqen H'ghar. Daenerys tries to rescue her dragons.,/title/tt2112510/,Valar Morghulis,Xaro Xhoan Daxos,Daenerys Targaryen,1,Qarth,,Safe,38,0:57:08,0:56:05
20,2,10,2012-06-03,Joffrey puts Sansa aside for Margaery Tyrell. Robb marries Talisa Maegyr. Jon prepares to meet Mance Rayder. Arya says farewell to Jaqen H'ghar. Daenerys tries to rescue her dragons.,/title/tt2112510/,Valar Morghulis,Doreah,Daenerys Targaryen,1,Qarth,,Safe,38,0:57:08,0:56:05
21,3,1,2013-03-31,"Jon is brought before Mance Rayder, the King Beyond the Wall, while the Night's Watch survivors retreat south. In King's Landing, Tyrion asks for his reward. Littlefinger offers Sansa a way out.",/title/tt2178782/,Valar Dohaeris,Man of the Nightswatch,White Walker,1,North of the Wall,Fist of the First Men,Decapitation,3,0:01:28,0:01:03
21,3,1,2013-03-31,"Jon is brought before Mance Rayder, the King Beyond the Wall, while the Night's Watch survivors retreat south. In King's Landing, Tyrion asks for his reward. Littlefinger offers Sansa a way out.",/title/tt2178782/,Valar Dohaeris,White Walker,Jeor Mormont,1,North of the Wall,Fist of the First Men,Burning,6,0:02:19,0:02:06
23,3,3,2013-04-14,Robb and Catelyn arrive at Riverrun for Lord Hoster Tully's funeral. Tywin names Tyrion the new Master of Coin. Arya says goodbye to Hot Pie. The Night's Watch returns to Craster's. Brienne and Jaime are taken prisoner.,/title/tt2178802/,Walk of Punishment,Master Torturer,Ramsay Snow,1,The North,The Dreadfort,Arrow,36,0:45:42,0:44:56
24,3,4,2013-04-21,Jaime mopes over his lost hand. Cersei is growing uncomfortable with the Tyrells. The Night's Watch is growing impatient with Craster. Daenerys buys the Unsullied.,/title/tt2178798/,And Now His Watch Is Ended,Craster,Karl Tanner,1,North of the Wall,Craster's Keep,Throat slash,33,0:39:11,0:38:54
24,3,4,2013-04-21,Jaime mopes over his lost hand. Cersei is growing uncomfortable with the Tyrells. The Night's Watch is growing impatient with Craster. Daenerys buys the Unsullied.,/title/tt2178798/,And Now His Watch Is Ended,Jeor Mormont,Rast,1,North of the Wall,Craster's Keep,Multiple stabs,36,0:39:59,0:39:32
24,3,4,2013-04-21,Jaime mopes over his lost hand. Cersei is growing uncomfortable with the Tyrells. The Night's Watch is growing impatient with Craster. Daenerys buys the Unsullied.,/title/tt2178798/,And Now His Watch Is Ended,Kraznys mo Nakloz,Daenerys Targaryen,1,Astapor,,Dragon,44,0:49:23,0:49:06
25,3,5,2013-04-28,"Robb's army is falling apart. Jaime reveals a story, to Brienne, that he has never told anyone. Jon breaks his vows. The Hound is granted his freedom. The Lannisters hatch a new plan.",/title/tt2178788/,Kissed by Fire,Beric Dondarrion,Sandor Clegane,1,The Riverlands,Hollow Hill,Chest stab,1,0:04:53,0:01:54
25,3,5,2013-04-28,"Robb's army is falling apart. Jaime reveals a story, to Brienne, that he has never told anyone. Jon breaks his vows. The Hound is granted his freedom. The Lannisters hatch a new plan.",/title/tt2178788/,Kissed by Fire,Martyn Lannister,Rickard Karstark,1,The Riverlands,Riverrun,Chest stab,14,0:21:07,0:20:38
25,3,5,2013-04-28,"Robb's army is falling apart. Jaime reveals a story, to Brienne, that he has never told anyone. Jon breaks his vows. The Hound is granted his freedom. The Lannisters hatch a new plan.",/title/tt2178788/,Kissed by Fire,Willem Lannister,Rickard Karstark,1,The Riverlands,Riverrun,Throat slash,14,0:21:07,0:20:38
25,3,5,2013-04-28,"Robb's army is falling apart. Jaime reveals a story, to Brienne, that he has never told anyone. Jon breaks his vows. The Hound is granted his freedom. The Lannisters hatch a new plan.",/title/tt2178788/,Kissed by Fire,Rickard Karstark,Robb Stark,1,The Riverlands,Riverrun,Decapitation,18,0:25:41,0:24:16
26,3,6,2013-05-05,Jon and the wildlings scale The Wall. The Brotherhood sells Gendry to Melisandre. Robb does what he can to win back the Freys. Tyrion tells Sansa about their engagement.,/title/tt2178812/,The Climb,Ros,Joffrey Baratheon,1,The Crownlands,King's Landing,Arrow,23,0:48:58,0:48:39
28,3,8,2013-05-19,Daenerys tries to persuade the Second Sons to join her against Yunkai. Stannis releases Davos from the dungeons. Sam and Gilly are attacked by a White Walker. Sansa and Tyrion wed.,/title/tt2178806/,Second Sons,Mero,Daario Naharis,1,Yunkai,Outside Yunkai,Decapitation,43,0:45:19,0:45:14
28,3,8,2013-05-19,Daenerys tries to persuade the Second Sons to join her against Yunkai. Stannis releases Davos from the dungeons. Sam and Gilly are attacked by a White Walker. Sansa and Tyrion wed.,/title/tt2178806/,Second Sons,Prendahl na Ghezn,Daario Naharis,1,Yunkai,Outside Yunkai,Decapitation,43,0:45:19,0:45:14
28,3,8,2013-05-19,Daenerys tries to persuade the Second Sons to join her against Yunkai. Stannis releases Davos from the dungeons. Sam and Gilly are attacked by a White Walker. Sansa and Tyrion wed.,/title/tt2178806/,Second Sons,White Walker,Samwell Tarly,1,North of the Wall,Destroyed Cabin,Back stab,49,0:54:44,0:53:41
29,3,9,2013-06-02,Robb and Catelyn arrive at the Twins for the wedding. Jon is put to the test to see where his loyalties truly lie. Bran's group decides to split up. Daenerys plans an invasion of Yunkai.,/title/tt2178784/,The Rains of Castamere,Old Man,Ygritte,1,The North,The Gift,Arrow,25,0:25:08,0:24:26
29,3,9,2013-06-02,Robb and Catelyn arrive at the Twins for the wedding. Jon is put to the test to see where his loyalties truly lie. Bran's group decides to split up. Daenerys plans an invasion of Yunkai.,/title/tt2178784/,The Rains of Castamere,Orell,Jon Snow,1,The North,The Gift,Chest stab,29,0:26:47,0:26:05
29,3,9,2013-06-02,Robb and Catelyn arrive at the Twins for the wedding. Jon is put to the test to see where his loyalties truly lie. Bran's group decides to split up. Daenerys plans an invasion of Yunkai.,/title/tt2178784/,The Rains of Castamere,Wendel Manderly,Walder Frey,1,The Riverlands,The Twins,Arrow,60,0:44:34,0:44:14
29,3,9,2013-06-02,Robb and Catelyn arrive at the Twins for the wedding. Jon is put to the test to see where his loyalties truly lie. Bran's group decides to split up. Daenerys plans an invasion of Yunkai.,/title/tt2178784/,The Rains of Castamere,Grey Wind,Frey Soldiers,1,The Riverlands,The Twins,Arrow,65,0:46:09,0:45:28
29,3,9,2013-06-02,Robb and Catelyn arrive at the Twins for the wedding. Jon is put to the test to see where his loyalties truly lie. Bran's group decides to split up. Daenerys plans an invasion of Yunkai.,/title/tt2178784/,The Rains of Castamere,Talisa Maegyr,Lothar Frey,1,The Riverlands,The Twins,Multiple stabs,68,0:47:12,0:46:44
29,3,9,2013-06-02,Robb and Catelyn arrive at the Twins for the wedding. Jon is put to the test to see where his loyalties truly lie. Bran's group decides to split up. Daenerys plans an invasion of Yunkai.,/title/tt2178784/,The Rains of Castamere,Robb Stark,Roose Bolton,1,The Riverlands,The Twins,Chest stab,70,0:48:56,0:48:38
29,3,9,2013-06-02,Robb and Catelyn arrive at the Twins for the wedding. Jon is put to the test to see where his loyalties truly lie. Bran's group decides to split up. Daenerys plans an invasion of Yunkai.,/title/tt2178784/,The Rains of Castamere,Catelyn Stark,Black Walder Rivers,1,The Riverlands,The Twins,Throat slash,71,0:49:25,0:48:56
29,3,9,2013-06-02,Robb and Catelyn arrive at the Twins for the wedding. Jon is put to the test to see where his loyalties truly lie. Bran's group decides to split up. Daenerys plans an invasion of Yunkai.,/title/tt2178784/,The Rains of Castamere,Joyeuse Erenford,Catelyn Stark,1,The Riverlands,The Twins,Throat slash,71,0:49:25,0:48:56
30,3,10,2013-06-09,Bran and company travel beyond The Wall. Sam returns to Castle Black. Jon says good bye to Ygritte. Jaime returns to King's Landing. The Night's Watch asks for help from Stannis.,/title/tt2178796/,Mhysa,Frey Soldier #1,Arya Stark,1,The Riverlands,Away from the Twins,Multiple stabs,28,0:40:55,0:38:45
30,3,10,2013-06-09,Bran and company travel beyond The Wall. Sam returns to Castle Black. Jon says good bye to Ygritte. Jaime returns to King's Landing. The Night's Watch asks for help from Stannis.,/title/tt2178796/,Mhysa,Frey Soldier #2,Sandor Clegane,1,The Riverlands,Away from the Twins,Multiple stabs,28,0:40:55,0:38:45
31,4,1,2014-04-06,"Tyrion welcomes a guest to King's Landing. At Castle Black, Jon stands trial. Daenerys is pointed to Meereen, the mother of all slave cities. Arya runs into an old enemy.",/title/tt2816136/,Two Swords,Polliver,Arya Stark,1,The Riverlands,To The Eyrie,Neck stab,55,0:56:24,0:55:29
32,4,2,2014-04-13,Joffrey and Margaery's wedding has come. Tyrion breaks up with Shae. Ramsay tries to prove his worth to his father. Bran and company find a Weirwood tree.,/title/tt2832378/,The Lion and the Rose,Tansy,Ramsay's hounds,1,The North,The Dreadfort,Mauling,1,0:04:15,0:01:54
32,4,2,2014-04-13,Joffrey and Margaery's wedding has come. Tyrion breaks up with Shae. Ramsay tries to prove his worth to his father. Bran and company find a Weirwood tree.,/title/tt2832378/,The Lion and the Rose,Axell Florent,Melisandre,1,The Crownlands,Dragonstone,Burning,23,0:20:34,0:20:01
32,4,2,2014-04-13,Joffrey and Margaery's wedding has come. Tyrion breaks up with Shae. Ramsay tries to prove his worth to his father. Bran and company find a Weirwood tree.,/title/tt2832378/,The Lion and the Rose,Joffrey Baratheon,Olenna Tyrell,1,The Crownlands,King's Landing,Poison,81,0:50:43,0:49:38
32,4,2,2014-04-13,Joffrey and Margaery's wedding has come. Tyrion breaks up with Shae. Ramsay tries to prove his worth to his father. Bran and company find a Weirwood tree.,/title/tt2832378/,The Lion and the Rose,Joffrey Baratheon,Petyr Baelish,2,The Crownlands,King's Landing,Poison,81,0:50:43,0:49:38
33,4,3,2014-04-20,Tyrion is arrested for the murder of Joffrey and awaits trial. Sansa escapes King's Landing. Sam sends Gilly to Mole's Town as the Night's Watch finds itself in a tight spot. Meereen challenges Daenerys.,/title/tt2972426/,Breaker of Chains,Dontos Hollard,Petyr Baelish,1,The Crownlands,Blackwater Bay,Arrow,8,0:04:40,0:03:59
33,4,3,2014-04-20,Tyrion is arrested for the murder of Joffrey and awaits trial. Sansa escapes King's Landing. Sam sends Gilly to Mole's Town as the Night's Watch finds itself in a tight spot. Meereen challenges Daenerys.,/title/tt2972426/,Breaker of Chains,Guymon,Ygritte,1,The Wall,The Gift,Arrow,38,0:43:42,0:43:30
33,4,3,2014-04-20,Tyrion is arrested for the murder of Joffrey and awaits trial. Sansa escapes King's Landing. Sam sends Gilly to Mole's Town as the Night's Watch finds itself in a tight spot. Meereen challenges Daenerys.,/title/tt2972426/,Breaker of Chains,Olly's Mother,Styr,1,The Wall,The Gift,Back stab,39,0:43:56,0:43:42
33,4,3,2014-04-20,Tyrion is arrested for the murder of Joffrey and awaits trial. Sansa escapes King's Landing. Sam sends Gilly to Mole's Town as the Night's Watch finds itself in a tight spot. Meereen challenges Daenerys.,/title/tt2972426/,Breaker of Chains,Oznak zo Pahl,Daario Naharis,1,Meereen,,Decapitation,54,0:52:41,0:52:35
35,4,5,2014-05-04,Tommen is crowned King of the Seven Kingdoms. Cersei builds her case against Tyrion. Sansa and Lord Baelish arrive at the Eyrie. The Night's Watch attacks Craster's Keep.,/title/tt3060856/,First of His Name,Locke,Hodor,1,North of the Wall,Craster's Keep,Neck snap,40,0:45:22,0:44:43
35,4,5,2014-05-04,Tommen is crowned King of the Seven Kingdoms. Cersei builds her case against Tyrion. Sansa and Lord Baelish arrive at the Eyrie. The Night's Watch attacks Craster's Keep.,/title/tt3060856/,First of His Name,Locke,Bran Stark,2,North of the Wall,Craster's Keep,Neck snap,40,0:45:22,0:44:43
35,4,5,2014-05-04,Tommen is crowned King of the Seven Kingdoms. Cersei builds her case against Tyrion. Sansa and Lord Baelish arrive at the Eyrie. The Night's Watch attacks Craster's Keep.,/title/tt3060856/,First of His Name,Karl Tanner,Jon Snow,1,North of the Wall,Craster's Keep,Face stab,45,0:48:20,0:47:49
35,4,5,2014-05-04,Tommen is crowned King of the Seven Kingdoms. Cersei builds her case against Tyrion. Sansa and Lord Baelish arrive at the Eyrie. The Night's Watch attacks Craster's Keep.,/title/tt3060856/,First of His Name,Rast,Ghost,1,North of the Wall,Craster's Keep,Mauling,48,0:49:54,0:49:16
37,4,7,2014-05-18,Tyrion tries to find a champion. Daenerys sleeps with Daario. The Hound becomes wounded. Jon's advice is ignored at Castle Black. Brienne and Podrick receive a tip on Arya's whereabouts.,/title/tt3060876/,Mockingbird,Old Man,Sandor Clegane,1,The Riverlands,To The Eyrie,Chest stab,4,0:09:38,0:06:32
37,4,7,2014-05-18,Tyrion tries to find a champion. Daenerys sleeps with Daario. The Hound becomes wounded. Jon's advice is ignored at Castle Black. Brienne and Podrick receive a tip on Arya's whereabouts.,/title/tt3060876/,Mockingbird,Biter,Sandor Clegane,1,The Riverlands,To The Eyrie,Neck snap,5,0:09:45,0:09:38
37,4,7,2014-05-18,Tyrion tries to find a champion. Daenerys sleeps with Daario. The Hound becomes wounded. Jon's advice is ignored at Castle Black. Brienne and Podrick receive a tip on Arya's whereabouts.,/title/tt3060876/,Mockingbird,Rorge,Arya Stark,1,The Riverlands,To The Eyrie,Chest stab,6,0:10:40,0:09:45
37,4,7,2014-05-18,Tyrion tries to find a champion. Daenerys sleeps with Daario. The Hound becomes wounded. Jon's advice is ignored at Castle Black. Brienne and Podrick receive a tip on Arya's whereabouts.,/title/tt3060876/,Mockingbird,Lysa Arryn,Petyr Baelish,1,The Vale,The Eyrie,Moon Door,27,0:49:42,0:48:10
38,4,8,2014-06-01,Theon helps Ramsay seize Moat Cailin. The wildlings attack Mole's Town. Sansa comes up with a story to protect Lord Baelish. Daenerys finds out a secret about Ser Jorah. Oberyn Martell faces Ser Gregor Clegane.,/title/tt3060782/,The Mountain and the Viper,Mole's Town Whore,Ygritte,1,The Wall,Mole's Town,Chest stab,3,0:06:35,0:05:48
38,4,8,2014-06-01,Theon helps Ramsay seize Moat Cailin. The wildlings attack Mole's Town. Sansa comes up with a story to protect Lord Baelish. Daenerys finds out a secret about Ser Jorah. Oberyn Martell faces Ser Gregor Clegane.,/title/tt3060782/,The Mountain and the Viper,Kegs,Styr,1,The Wall,Mole's Town,,3,0:06:35,0:05:48
38,4,8,2014-06-01,Theon helps Ramsay seize Moat Cailin. The wildlings attack Mole's Town. Sansa comes up with a story to protect Lord Baelish. Daenerys finds out a secret about Ser Jorah. Oberyn Martell faces Ser Gregor Clegane.,/title/tt3060782/,The Mountain and the Viper,Black Jack Bulwer,Tormund Giantsbane,1,The Wall,Mole's Town,Multiple stabs,3,0:06:35,0:05:48
38,4,8,2014-06-01,Theon helps Ramsay seize Moat Cailin. The wildlings attack Mole's Town. Sansa comes up with a story to protect Lord Baelish. Daenerys finds out a secret about Ser Jorah. Oberyn Martell faces Ser Gregor Clegane.,/title/tt3060782/,The Mountain and the Viper,Mully,Styr,1,The Wall,Mole's Town,,3,0:06:35,0:05:48
38,4,8,2014-06-01,Theon helps Ramsay seize Moat Cailin. The wildlings attack Mole's Town. Sansa comes up with a story to protect Lord Baelish. Daenerys finds out a secret about Ser Jorah. Oberyn Martell faces Ser Gregor Clegane.,/title/tt3060782/,The Mountain and the Viper,Ralf Kenning,Adrack Humble,1,The North,Moat Cailin,Head stab,11,0:18:02,0:15:43
38,4,8,2014-06-01,Theon helps Ramsay seize Moat Cailin. The wildlings attack Mole's Town. Sansa comes up with a story to protect Lord Baelish. Daenerys finds out a secret about Ser Jorah. Oberyn Martell faces Ser Gregor Clegane.,/title/tt3060782/,The Mountain and the Viper,Adrack Humble,Ramsay Snow,1,The North,Moat Cailin,Flayed,13,0:18:53,0:18:22
38,4,8,2014-06-01,Theon helps Ramsay seize Moat Cailin. The wildlings attack Mole's Town. Sansa comes up with a story to protect Lord Baelish. Daenerys finds out a secret about Ser Jorah. Oberyn Martell faces Ser Gregor Clegane.,/title/tt3060782/,The Mountain and the Viper,Oberyn Martell,Gregor Clegane,1,The Crownlands,King's Landing,Head crush,33,0:51:34,0:47:28
39,4,9,2014-06-08,The battle between the Night's Watch and the Wildlings has come.,/title/tt3060858/,The Watchers on the Wall,Pypar,Ygritte,1,The Wall,Castle Black,Arrow,41,0:31:00,0:30:14
39,4,9,2014-06-08,The battle between the Night's Watch and the Wildlings has come.,/title/tt3060858/,The Watchers on the Wall,Thenn Warg,Samwell Tarly,1,The Wall,Castle Black,Arrow,53,0:35:05,0:34:39
39,4,9,2014-06-08,The battle between the Night's Watch and the Wildlings has come.,/title/tt3060858/,The Watchers on the Wall,Styr,Jon Snow,1,The Wall,Castle Black,Head crush,75,0:42:18,0:40:54
39,4,9,2014-06-08,The battle between the Night's Watch and the Wildlings has come.,/title/tt3060858/,The Watchers on the Wall,Ygritte,Olly,1,The Wall,Castle Black,Arrow,77,0:44:00,0:42:47
39,4,9,2014-06-08,The battle between the Night's Watch and the Wildlings has come.,/title/tt3060858/,The Watchers on the Wall,Grenn,Mag the Mighty,1,The Wall,Castle Black,Giant,85,0:48:44,0:47:49
39,4,9,2014-06-08,The battle between the Night's Watch and the Wildlings has come.,/title/tt3060858/,The Watchers on the Wall,Donnel Hill,Mag the Mighty,1,The Wall,Castle Black,Giant,85,0:48:44,0:47:49
39,4,9,2014-06-08,The battle between the Night's Watch and the Wildlings has come.,/title/tt3060858/,The Watchers on the Wall,Cooper,Mag the Mighty,1,The Wall,Castle Black,Giant,85,0:48:44,0:47:49
39,4,9,2014-06-08,The battle between the Night's Watch and the Wildlings has come.,/title/tt3060858/,The Watchers on the Wall,Mag the Mighty,Grenn,1,The Wall,Castle Black,Multiple stabs,85,0:48:44,0:47:49
39,4,9,2014-06-08,The battle between the Night's Watch and the Wildlings has come.,/title/tt3060858/,The Watchers on the Wall,Mag the Mighty,Donnel Hill,2,The Wall,Castle Black,Multiple stabs,85,0:48:44,0:47:49
39,4,9,2014-06-08,The battle between the Night's Watch and the Wildlings has come.,/title/tt3060858/,The Watchers on the Wall,Mag the Mighty,Cooper,3,The Wall,Castle Black,Multiple stabs,85,0:48:44,0:47:49
40,4,10,2014-06-15,"The Night's Watch story continues, with surprising developments. Daenerys experiences new consequences. Brienne and Podrick have an unexpected encounter. Bran achieves a goal, while Tyrion makes an important discovery.",/title/tt3060860/,The Children,Jojen Reed,Meera Reed,1,North of the Wall,The Three-Eyed Raven,Multiple stabs,26,0:38:09,0:37:04
40,4,10,2014-06-15,"The Night's Watch story continues, with surprising developments. Daenerys experiences new consequences. Brienne and Podrick have an unexpected encounter. Bran achieves a goal, while Tyrion makes an important discovery.",/title/tt3060860/,The Children,Shae,Tyrion Lannister,1,The Crownlands,King's Landing,Choking,38,0:57:36,0:55:06
40,4,10,2014-06-15,"The Night's Watch story continues, with surprising developments. Daenerys experiences new consequences. Brienne and Podrick have an unexpected encounter. Bran achieves a goal, while Tyrion makes an important discovery.",/title/tt3060860/,The Children,Tywin Lannister,Tyrion Lannister,1,The Crownlands,King's Landing,Arrow,40,1:00:50,0:57:59
41,5,1,2015-03-29,"Cersei and Jaime adjust to a world without Tywin. Tyrion and Varys arrive at Pentos. In Meereen, a new enemy emerges. Jon is caught between two kings.",/title/tt3658012/,The Wars to Come,White Rat,Son of the Harpy,1,Meereen,,Throat slash,9,0:19:19,0:17:20
41,5,1,2015-03-29,"Cersei and Jaime adjust to a world without Tywin. Tyrion and Varys arrive at Pentos. In Meereen, a new enemy emerges. Jon is caught between two kings.",/title/tt3658012/,The Wars to Come,Mance Rayder,Jon Snow,1,The Wall,Castle Black,Arrow,46,0:54:17,0:54:05
42,5,2,2015-04-19,Arya arrives in Braavos. Jaime takes on a secret mission. Ellaria Sand seeks revenge for Oberyn's death. Stannis makes Jon a generous offer as the Night's Watch elects a new Lord Commander. Daenerys is faced with a difficult decision.,/title/tt3846626/,The House of Black and White,Eyrie Guard,Brienne of Tarth,1,The Vale,Outside the Inn,Throat slash,9,0:16:05,0:13:14
42,5,2,2015-04-19,Arya arrives in Braavos. Jaime takes on a secret mission. Ellaria Sand seeks revenge for Oberyn's death. Stannis makes Jon a generous offer as the Night's Watch elects a new Lord Commander. Daenerys is faced with a difficult decision.,/title/tt3846626/,The House of Black and White,Son of the Harpy,Mossador,1,Meereen,,Multiple stabs,39,0:48:26,0:48:13
42,5,2,2015-04-19,Arya arrives in Braavos. Jaime takes on a secret mission. Ellaria Sand seeks revenge for Oberyn's death. Stannis makes Jon a generous offer as the Night's Watch elects a new Lord Commander. Daenerys is faced with a difficult decision.,/title/tt3846626/,The House of Black and White,Mossador,Daario Naharis,1,Meereen,,Decapitation,42,0:52:44,0:51:06
43,5,3,2015-04-26,Tommen and Margaery wed. Arya has trouble adapting to her new life. Littlefinger reveals his plans to Sansa. Jon gives his first orders as Lord Commander. Tyrion and Varys arrive in Volantis.,/title/tt3866836/,High Sparrow,Despondent Man,Jaqen H'ghar,1,Braavos,,Poison,3,0:06:49,0:06:07
43,5,3,2015-04-26,Tommen and Margaery wed. Arya has trouble adapting to her new life. Littlefinger reveals his plans to Sansa. Jon gives his first orders as Lord Commander. Tyrion and Varys arrive in Volantis.,/title/tt3866836/,High Sparrow,Janos Slynt,Jon Snow,1,The Wall,Castle Black,Decapitation,28,0:42:08,0:40:20
44,5,4,2015-05-03,"Jorah Mormont sets sail alongside his prisoner, Tyrion. Cersei makes a move against the Tyrells. Jaime and Bronn sneak into Dorne. Ellaria and the Sand Snakes make their plans. Melisandre tempts Jon. The Harpies attack.",/title/tt3866838/,Sons of the Harpy,Lead Dornish Guard,Bronn,1,Dorne,,Throat slash,30,0:37:31,0:34:29
44,5,4,2015-05-03,"Jorah Mormont sets sail alongside his prisoner, Tyrion. Cersei makes a move against the Tyrells. Jaime and Bronn sneak into Dorne. Ellaria and the Sand Snakes make their plans. Melisandre tempts Jon. The Harpies attack.",/title/tt3866838/,Sons of the Harpy,Merchant Captain,Obara Sand,1,Dorne,,Face stab,33,0:40:31,0:39:07
44,5,4,2015-05-03,"Jorah Mormont sets sail alongside his prisoner, Tyrion. Cersei makes a move against the Tyrells. Jaime and Bronn sneak into Dorne. Ellaria and the Sand Snakes make their plans. Melisandre tempts Jon. The Harpies attack.",/title/tt3866838/,Sons of the Harpy,Second Son,Son of the Harpy,1,Meereen,,Throat slash,44,0:46:44,0:46:22
44,5,4,2015-05-03,"Jorah Mormont sets sail alongside his prisoner, Tyrion. Cersei makes a move against the Tyrells. Jaime and Bronn sneak into Dorne. Ellaria and the Sand Snakes make their plans. Melisandre tempts Jon. The Harpies attack.",/title/tt3866838/,Sons of the Harpy,Barristan Selmy,Sons of the Harpy,1,Meereen,,Multiple stabs,51,0:50:32,0:49:19
45,5,5,2015-05-10,Daenerys arrests the heads of Meereen's great families. Jon makes a difficult decision. Theon is forced to face Sansa. Stannis rides south. Tyrion and Jorah enter the ruins of Old Valyria.,/title/tt3866840/,Kill the Boy,Great Master #1,Daenerys Targaryen,1,Meereen,,Dragon,4,0:07:26,0:07:03
46,5,6,2015-05-17,Arya is put to the test. Tyrion and Jorah are captured by slavers. Loras Tyrell is judged by the Sparrows. Jaime and Bronn face the Sand Snakes. Sansa marries Ramsay Bolton.,/title/tt3866842/,"Unbowed, Unbent, Unbroken",Ghita,Arya Stark,1,Braavos,,Poison,8,0:16:17,0:15:33
47,5,7,2015-05-24,Jon heads east as trouble begins to stir for Sam and Gilly at Castle Black. Sansa asks Theon for help. Tyrion and Jorah are sold as slaves. Cersei savors her triumph over the Tyrells as new plots are developed in the shadows.,/title/tt3866846/,The Gift,Old Woman,Ramsay Snow,1,The North,Winterfell,Flayed,13,0:16:49,0:15:38
48,5,8,2015-05-31,Tyrion advises Daenerys. Sansa forces Theon to tell her a secret. Cersei remains stubborn. Arya meets her first target. Jon and Tormund meet with the Wildling Elders.,/title/tt3866850/,Hardhome,Rattleshirt,Tormund Giantsbane,1,North of the Wall,Hardhome,Beaten,24,0:34:59,0:33:25
48,5,8,2015-05-31,Tyrion advises Daenerys. Sansa forces Theon to tell her a secret. Cersei remains stubborn. Arya meets her first target. Jon and Tormund meet with the Wildling Elders.,/title/tt3866850/,Hardhome,Loboda,White Walker,1,North of the Wall,Hardhome,Chest stab,44,0:52:11,0:51:28
48,5,8,2015-05-31,Tyrion advises Daenerys. Sansa forces Theon to tell her a secret. Cersei remains stubborn. Arya meets her first target. Jon and Tormund meet with the Wildling Elders.,/title/tt3866850/,Hardhome,White Walker,Jon Snow,1,North of the Wall,Hardhome,Chest stab,45,0:53:34,0:52:11
48,5,8,2015-05-31,Tyrion advises Daenerys. Sansa forces Theon to tell her a secret. Cersei remains stubborn. Arya meets her first target. Jon and Tormund meet with the Wildling Elders.,/title/tt3866850/,Hardhome,Karsi,Wight children,1,North of the Wall,Hardhome,Wight children,47,0:54:52,0:53:52
49,5,9,2015-06-07,Jon and the Wildlings return to Castle Black. Jaime meets with Doran Martell. Stannis makes a hard choice. Arya runs into Ser Meryn Trant. Daenerys attends the grand reopening of the fighting pits.,/title/tt3866826/,The Dance of Dragons,Shireen Baratheon,Melisandre,1,The North,Stannis Baratheon's Camp,Burning,39,0:36:42,0:33:36
49,5,9,2015-06-07,Jon and the Wildlings return to Castle Black. Jaime meets with Doran Martell. Stannis makes a hard choice. Arya runs into Ser Meryn Trant. Daenerys attends the grand reopening of the fighting pits.,/title/tt3866826/,The Dance of Dragons,Hizdahr zo Loraq,Sons of the Harpy,1,Meereen,,Multiple stabs,47,0:48:12,0:47:04
50,5,10,2015-06-14,Stannis arrives at Winterfell. Tyrion runs Meereen as Daario and Jorah go after Daenerys. Jaime and Myrcella leave Dorne. Jon sends Sam and Gilly to Oldtown. Arya challenges the Many-Faced God. Cersei confesses her sins.,/title/tt3866862/,Mother's Mercy,Selyse Baratheon,Selyse Baratheon,1,The North,Stannis Baratheon's Camp,Hanging,5,0:07:56,0:06:50
50,5,10,2015-06-14,Stannis arrives at Winterfell. Tyrion runs Meereen as Daario and Jorah go after Daenerys. Jaime and Myrcella leave Dorne. Jon sends Sam and Gilly to Oldtown. Arya challenges the Many-Faced God. Cersei confesses her sins.,/title/tt3866862/,Mother's Mercy,Gordy,Stannis Baratheon,1,The North,The Wolfswood,Neck stab,24,0:17:29,0:17:08
50,5,10,2015-06-14,Stannis arrives at Winterfell. Tyrion runs Meereen as Daario and Jorah go after Daenerys. Jaime and Myrcella leave Dorne. Jon sends Sam and Gilly to Oldtown. Arya challenges the Many-Faced God. Cersei confesses her sins.,/title/tt3866862/,Mother's Mercy,Simpson,Stannis Baratheon,1,The North,The Wolfswood,Chest stab,24,0:17:29,0:17:08
50,5,10,2015-06-14,Stannis arrives at Winterfell. Tyrion runs Meereen as Daario and Jorah go after Daenerys. Jaime and Myrcella leave Dorne. Jon sends Sam and Gilly to Oldtown. Arya challenges the Many-Faced God. Cersei confesses her sins.,/title/tt3866862/,Mother's Mercy,Stannis Baratheon,Brienne of Tarth,1,The North,The Wolfswood,Throat slash,26,0:19:28,0:17:57
50,5,10,2015-06-14,Stannis arrives at Winterfell. Tyrion runs Meereen as Daario and Jorah go after Daenerys. Jaime and Myrcella leave Dorne. Jon sends Sam and Gilly to Oldtown. Arya challenges the Many-Faced God. Cersei confesses her sins.,/title/tt3866862/,Mother's Mercy,Myranda,Theon Greyjoy,1,The North,Winterfell,Falling,30,0:22:10,0:20:40
50,5,10,2015-06-14,Stannis arrives at Winterfell. Tyrion runs Meereen as Daario and Jorah go after Daenerys. Jaime and Myrcella leave Dorne. Jon sends Sam and Gilly to Oldtown. Arya challenges the Many-Faced God. Cersei confesses her sins.,/title/tt3866862/,Mother's Mercy,Meryn Trant,Arya Stark,1,Braavos,,Multiple stabs,35,0:26:05,0:24:28
50,5,10,2015-06-14,Stannis arrives at Winterfell. Tyrion runs Meereen as Daario and Jorah go after Daenerys. Jaime and Myrcella leave Dorne. Jon sends Sam and Gilly to Oldtown. Arya challenges the Many-Faced God. Cersei confesses her sins.,/title/tt3866862/,Mother's Mercy,Jaqen H'ghar,Jaqen H'ghar,1,Braavos,,Poison,37,0:27:41,0:26:42
50,5,10,2015-06-14,Stannis arrives at Winterfell. Tyrion runs Meereen as Daario and Jorah go after Daenerys. Jaime and Myrcella leave Dorne. Jon sends Sam and Gilly to Oldtown. Arya challenges the Many-Faced God. Cersei confesses her sins.,/title/tt3866862/,Mother's Mercy,Myrcella Baratheon,Ellaria Sand,1,Dorne,,Poison,40,0:33:07,0:29:58
50,5,10,2015-06-14,Stannis arrives at Winterfell. Tyrion runs Meereen as Daario and Jorah go after Daenerys. Jaime and Myrcella leave Dorne. Jon sends Sam and Gilly to Oldtown. Arya challenges the Many-Faced God. Cersei confesses her sins.,/title/tt3866862/,Mother's Mercy,Jon Snow,Olly,1,The Wall,Castle Black,Multiple stabs,64,1:02:01,1:01:29
50,5,10,2015-06-14,Stannis arrives at Winterfell. Tyrion runs Meereen as Daario and Jorah go after Daenerys. Jaime and Myrcella leave Dorne. Jon sends Sam and Gilly to Oldtown. Arya challenges the Many-Faced God. Cersei confesses her sins.,/title/tt3866862/,Mother's Mercy,Jon Snow,Alliser Thorne,2,The Wall,Castle Black,Multiple stabs,64,1:02:01,1:01:29
50,5,10,2015-06-14,Stannis arrives at Winterfell. Tyrion runs Meereen as Daario and Jorah go after Daenerys. Jaime and Myrcella leave Dorne. Jon sends Sam and Gilly to Oldtown. Arya challenges the Many-Faced God. Cersei confesses her sins.,/title/tt3866862/,Mother's Mercy,Jon Snow,Othell Yarwyck,3,The Wall,Castle Black,Multiple stabs,64,1:02:01,1:01:29
50,5,10,2015-06-14,Stannis arrives at Winterfell. Tyrion runs Meereen as Daario and Jorah go after Daenerys. Jaime and Myrcella leave Dorne. Jon sends Sam and Gilly to Oldtown. Arya challenges the Many-Faced God. Cersei confesses her sins.,/title/tt3866862/,Mother's Mercy,Jon Snow,Bowen Marsh,4,The Wall,Castle Black,Multiple stabs,64,1:02:01,1:01:29
51,6,1,2016-04-24,The fate of Jon Snow is revealed. Daenerys is brought before Khal Moro. Tyrion gets used to living in Meereen. Ramsay sends his dogs after Theon and Sansa. Ellaria and the Sand Snakes make their move. Cersei mourns for Myrcella.,/title/tt3658014/,The Red Woman,Bolton Officer,Brienne of Tarth,1,The North,The Wolfswood,Chest stab,14,0:22:42,0:20:52
51,6,1,2016-04-24,The fate of Jon Snow is revealed. Daenerys is brought before Khal Moro. Tyrion gets used to living in Meereen. Ramsay sends his dogs after Theon and Sansa. Ellaria and the Sand Snakes make their move. Cersei mourns for Myrcella.,/title/tt3658014/,The Red Woman,Bolton Soldier,Podrick Payne,1,The North,The Wolfswood,Multiple stabs,14,0:22:42,0:20:52
51,6,1,2016-04-24,The fate of Jon Snow is revealed. Daenerys is brought before Khal Moro. Tyrion gets used to living in Meereen. Ramsay sends his dogs after Theon and Sansa. Ellaria and the Sand Snakes make their move. Cersei mourns for Myrcella.,/title/tt3658014/,The Red Woman,Areo Hotah,Tyene Sand,1,Dorne,The Water Gardens,Back stab,25,0:32:06,0:31:26
51,6,1,2016-04-24,The fate of Jon Snow is revealed. Daenerys is brought before Khal Moro. Tyrion gets used to living in Meereen. Ramsay sends his dogs after Theon and Sansa. Ellaria and the Sand Snakes make their move. Cersei mourns for Myrcella.,/title/tt3658014/,The Red Woman,Maester Caleotte,Tyene Sand,1,Dorne,The Water Gardens,Back stab,25,0:32:06,0:31:26
51,6,1,2016-04-24,The fate of Jon Snow is revealed. Daenerys is brought before Khal Moro. Tyrion gets used to living in Meereen. Ramsay sends his dogs after Theon and Sansa. Ellaria and the Sand Snakes make their move. Cersei mourns for Myrcella.,/title/tt3658014/,The Red Woman,Doran Martell,Ellaria Sand,1,Dorne,The Water Gardens,Chest stab,26,0:32:59,0:32:06
51,6,1,2016-04-24,The fate of Jon Snow is revealed. Daenerys is brought before Khal Moro. Tyrion gets used to living in Meereen. Ramsay sends his dogs after Theon and Sansa. Ellaria and the Sand Snakes make their move. Cersei mourns for Myrcella.,/title/tt3658014/,The Red Woman,Trystane Martell,Obara Sand,1,The Crownlands,Blackwater Bay,Face stab,27,0:34:09,0:32:59
52,6,2,2016-05-01,Bran trains with the Three-Eyed Raven. Tommen meets with Cersei. Tyrion makes a bold move. Theon leaves while at Pyke new issues arise. Ramsay's brother is born. Davos asks Melisandre for a miracle.,/title/tt4077554/,Home,King's Landing Boaster,Gregor Clegane,1,The Crownlands,King's Landing,Head crush,17,0:15:30,0:14:56
52,6,2,2016-05-01,Bran trains with the Three-Eyed Raven. Tommen meets with Cersei. Tyrion makes a bold move. Theon leaves while at Pyke new issues arise. Ramsay's brother is born. Davos asks Melisandre for a miracle.,/title/tt4077554/,Home,Roose Bolton,Ramsay Snow,1,The North,Winterfell,Chest stab,33,0:35:38,0:33:25
52,6,2,2016-05-01,Bran trains with the Three-Eyed Raven. Tommen meets with Cersei. Tyrion makes a bold move. Theon leaves while at Pyke new issues arise. Ramsay's brother is born. Davos asks Melisandre for a miracle.,/title/tt4077554/,Home,Walda Bolton,Ramsay Snow,1,The North,Winterfell,Mauling,34,0:38:30,0:35:38
52,6,2,2016-05-01,Bran trains with the Three-Eyed Raven. Tommen meets with Cersei. Tyrion makes a bold move. Theon leaves while at Pyke new issues arise. Ramsay's brother is born. Davos asks Melisandre for a miracle.,/title/tt4077554/,Home,Newborn Bolton,Ramsay Snow,1,The North,Winterfell,Mauling,34,0:38:30,0:35:38
52,6,2,2016-05-01,Bran trains with the Three-Eyed Raven. Tommen meets with Cersei. Tyrion makes a bold move. Theon leaves while at Pyke new issues arise. Ramsay's brother is born. Davos asks Melisandre for a miracle.,/title/tt4077554/,Home,Balon Greyjoy,Euron Greyjoy,1,The Iron Islands,Pyke,Falling,39,0:45:39,0:43:04
53,6,3,2016-05-08,"Daenerys arrives at Vaes Dothrak. Sam and Gilly sail for Horn Hill. Arya trains as No One. Varys finds information on the Sons of the Harpy. Ramsay receives a gift. Tommen meets with the High Sparrow. At Castle Black, a miracle occurs.",/title/tt4131606/,Oathbreaker,Gerold Hightower,Young Ned Stark,1,Dorne,Tower of Joy,Neck stab,6,0:17:49,0:15:04
53,6,3,2016-05-08,"Daenerys arrives at Vaes Dothrak. Sam and Gilly sail for Horn Hill. Arya trains as No One. Varys finds information on the Sons of the Harpy. Ramsay receives a gift. Tommen meets with the High Sparrow. At Castle Black, a miracle occurs.",/title/tt4131606/,Oathbreaker,Arthur Dayne,Howland Reed,1,Dorne,Tower of Joy,Back stab,7,0:19:50,0:17:49
53,6,3,2016-05-08,"Daenerys arrives at Vaes Dothrak. Sam and Gilly sail for Horn Hill. Arya trains as No One. Varys finds information on the Sons of the Harpy. Ramsay receives a gift. Tommen meets with the High Sparrow. At Castle Black, a miracle occurs.",/title/tt4131606/,Oathbreaker,Arthur Dayne,Young Ned Stark,2,Dorne,Tower of Joy,Back stab,7,0:19:50,0:17:49
53,6,3,2016-05-08,"Daenerys arrives at Vaes Dothrak. Sam and Gilly sail for Horn Hill. Arya trains as No One. Varys finds information on the Sons of the Harpy. Ramsay receives a gift. Tommen meets with the High Sparrow. At Castle Black, a miracle occurs.",/title/tt4131606/,Oathbreaker,Shaggydog,Smalljon Umber,1,The North,Winterfell,Decapitation,32,0:49:47,0:49:20
53,6,3,2016-05-08,"Daenerys arrives at Vaes Dothrak. Sam and Gilly sail for Horn Hill. Arya trains as No One. Varys finds information on the Sons of the Harpy. Ramsay receives a gift. Tommen meets with the High Sparrow. At Castle Black, a miracle occurs.",/title/tt4131606/,Oathbreaker,Alliser Thorne,Jon Snow,1,The Wall,Castle Black,Hanging,35,0:53:00,0:50:28
53,6,3,2016-05-08,"Daenerys arrives at Vaes Dothrak. Sam and Gilly sail for Horn Hill. Arya trains as No One. Varys finds information on the Sons of the Harpy. Ramsay receives a gift. Tommen meets with the High Sparrow. At Castle Black, a miracle occurs.",/title/tt4131606/,Oathbreaker,Othell Yarwyck,Jon Snow,1,The Wall,Castle Black,Hanging,35,0:53:00,0:50:28
53,6,3,2016-05-08,"Daenerys arrives at Vaes Dothrak. Sam and Gilly sail for Horn Hill. Arya trains as No One. Varys finds information on the Sons of the Harpy. Ramsay receives a gift. Tommen meets with the High Sparrow. At Castle Black, a miracle occurs.",/title/tt4131606/,Oathbreaker,Bowen Marsh,Jon Snow,1,The Wall,Castle Black,Hanging,35,0:53:00,0:50:28
53,6,3,2016-05-08,"Daenerys arrives at Vaes Dothrak. Sam and Gilly sail for Horn Hill. Arya trains as No One. Varys finds information on the Sons of the Harpy. Ramsay receives a gift. Tommen meets with the High Sparrow. At Castle Black, a miracle occurs.",/title/tt4131606/,Oathbreaker,Olly,Jon Snow,1,The Wall,Castle Black,Hanging,35,0:53:00,0:50:28
54,6,4,2016-05-15,Sansa arrives at Castle Black. Tyrion makes a deal with the Slave Masters. Jorah and Daario sneak into Vaes Dothrak. Ramsay sends a letter to Jon. Theon arrives at Pyke. Cersei and Olenna Tyrell plot against the High Sparrow.,/title/tt4283016/,Book of the Stranger,Akho,Daario Naharis,1,Vaes Dothrak,,Chest stab,18,0:28:40,0:26:22
54,6,4,2016-05-15,Sansa arrives at Castle Black. Tyrion makes a deal with the Slave Masters. Jorah and Daario sneak into Vaes Dothrak. Ramsay sends a letter to Jon. Theon arrives at Pyke. Cersei and Olenna Tyrell plot against the High Sparrow.,/title/tt4283016/,Book of the Stranger,Iggo,Daario Naharis,1,Vaes Dothrak,,Neck snap,18,0:28:40,0:26:22
54,6,4,2016-05-15,Sansa arrives at Castle Black. Tyrion makes a deal with the Slave Masters. Jorah and Daario sneak into Vaes Dothrak. Ramsay sends a letter to Jon. Theon arrives at Pyke. Cersei and Olenna Tyrell plot against the High Sparrow.,/title/tt4283016/,Book of the Stranger,Osha,Ramsay Snow,1,The North,Winterfell,Throat stab,30,0:50:01,0:46:39
54,6,4,2016-05-15,Sansa arrives at Castle Black. Tyrion makes a deal with the Slave Masters. Jorah and Daario sneak into Vaes Dothrak. Ramsay sends a letter to Jon. Theon arrives at Pyke. Cersei and Olenna Tyrell plot against the High Sparrow.,/title/tt4283016/,Book of the Stranger,Khal Moro,Daenerys Targaryen,1,Vaes Dothrak,,Burning,39,0:58:39,0:58:23
54,6,4,2016-05-15,Sansa arrives at Castle Black. Tyrion makes a deal with the Slave Masters. Jorah and Daario sneak into Vaes Dothrak. Ramsay sends a letter to Jon. Theon arrives at Pyke. Cersei and Olenna Tyrell plot against the High Sparrow.,/title/tt4283016/,Book of the Stranger,Dothraki Bloodrider #1,Daenerys Targaryen,1,Vaes Dothrak,,Burning,39,0:58:39,0:58:23
54,6,4,2016-05-15,Sansa arrives at Castle Black. Tyrion makes a deal with the Slave Masters. Jorah and Daario sneak into Vaes Dothrak. Ramsay sends a letter to Jon. Theon arrives at Pyke. Cersei and Olenna Tyrell plot against the High Sparrow.,/title/tt4283016/,Book of the Stranger,Dothraki Bloodrider #2,Daenerys Targaryen,1,Vaes Dothrak,,Burning,39,0:58:39,0:58:23
54,6,4,2016-05-15,Sansa arrives at Castle Black. Tyrion makes a deal with the Slave Masters. Jorah and Daario sneak into Vaes Dothrak. Ramsay sends a letter to Jon. Theon arrives at Pyke. Cersei and Olenna Tyrell plot against the High Sparrow.,/title/tt4283016/,Book of the Stranger,Khal Forzho,Daenerys Targaryen,1,Vaes Dothrak,,Burning,39,0:58:39,0:58:23
54,6,4,2016-05-15,Sansa arrives at Castle Black. Tyrion makes a deal with the Slave Masters. Jorah and Daario sneak into Vaes Dothrak. Ramsay sends a letter to Jon. Theon arrives at Pyke. Cersei and Olenna Tyrell plot against the High Sparrow.,/title/tt4283016/,Book of the Stranger,Khal Brozho,Daenerys Targaryen,1,Vaes Dothrak,,Burning,39,0:58:39,0:58:23
54,6,4,2016-05-15,Sansa arrives at Castle Black. Tyrion makes a deal with the Slave Masters. Jorah and Daario sneak into Vaes Dothrak. Ramsay sends a letter to Jon. Theon arrives at Pyke. Cersei and Olenna Tyrell plot against the High Sparrow.,/title/tt4283016/,Book of the Stranger,Khal Rhalko,Daenerys Targaryen,1,Vaes Dothrak,,Burning,39,0:58:39,0:58:23
54,6,4,2016-05-15,Sansa arrives at Castle Black. Tyrion makes a deal with the Slave Masters. Jorah and Daario sneak into Vaes Dothrak. Ramsay sends a letter to Jon. Theon arrives at Pyke. Cersei and Olenna Tyrell plot against the High Sparrow.,/title/tt4283016/,Book of the Stranger,Khal Qorro,Daenerys Targaryen,1,Vaes Dothrak,,Burning,39,0:58:39,0:58:23
55,6,5,2016-05-22,Sansa and Jon make plans. Arya is given another chance to prove herself. Jorah confesses a secret to Daenerys. Tyrion meets with a Red Priestess. Yara finds her rule tested. Bran discovers the origin of the White Walkers.,/title/tt4283028/,The Door,Euron Greyjoy,Aeron Greyjoy,1,The Iron Islands,Pyke,Drowning,28,0:27:43,0:27:32
55,6,5,2016-05-22,Sansa and Jon make plans. Arya is given another chance to prove herself. Jorah confesses a secret to Daenerys. Tyrion meets with a Red Priestess. Yara finds her rule tested. Bran discovers the origin of the White Walkers.,/title/tt4283028/,The Door,White Walker,Meera Reed,1,North of the Wall,The Three-Eyed Raven,Chest stab,59,0:54:27,0:53:45
55,6,5,2016-05-22,Sansa and Jon make plans. Arya is given another chance to prove herself. Jorah confesses a secret to Daenerys. Tyrion meets with a Red Priestess. Yara finds her rule tested. Bran discovers the origin of the White Walkers.,/title/tt4283028/,The Door,Summer,Wights,1,North of the Wall,The Three-Eyed Raven,Multiple stabs,60,0:54:33,0:54:27
55,6,5,2016-05-22,Sansa and Jon make plans. Arya is given another chance to prove herself. Jorah confesses a secret to Daenerys. Tyrion meets with a Red Priestess. Yara finds her rule tested. Bran discovers the origin of the White Walkers.,/title/tt4283028/,The Door,Three-Eyed Raven,The Night King,1,The North,Winterfell,Chest stab,67,0:55:20,0:55:16
55,6,5,2016-05-22,Sansa and Jon make plans. Arya is given another chance to prove herself. Jorah confesses a secret to Daenerys. Tyrion meets with a Red Priestess. Yara finds her rule tested. Bran discovers the origin of the White Walkers.,/title/tt4283028/,The Door,Leaf,Wights,1,North of the Wall,The Three-Eyed Raven,Multiple stabs,69,0:56:05,0:55:43
55,6,5,2016-05-22,Sansa and Jon make plans. Arya is given another chance to prove herself. Jorah confesses a secret to Daenerys. Tyrion meets with a Red Priestess. Yara finds her rule tested. Bran discovers the origin of the White Walkers.,/title/tt4283028/,The Door,Hodor,Wights,1,North of the Wall,The Three-Eyed Raven,Door,84,0:58:35,0:58:32
57,6,7,2016-06-05,Jon and Sansa gather troops. Jaime arrives at Riverrun. Olenna Tyrell plans to leave King's Landing. Theon and Yara plan a destination. Arya makes plans to leave.,/title/tt4283060/,The Broken Man,Brother Ray,Lem Lemoncloak,1,The Riverlands,Village,Hanging,46,0:51:48,0:51:17
58,6,8,2016-06-12,Brienne arrives at Riverrun. Arya seeks shelter. Jaime meets with Edmure Tully. Cersei challenges the Faith. Sandor Clegane hunts for revenge. Tyrion faces the consequences of earlier decisions.,/title/tt4283074/,No One,Steve,Sandor Clegane,1,The Riverlands,Village,Decapitation,5,0:12:58,0:12:45
58,6,8,2016-06-12,Brienne arrives at Riverrun. Arya seeks shelter. Jaime meets with Edmure Tully. Cersei challenges the Faith. Sandor Clegane hunts for revenge. Tyrion faces the consequences of earlier decisions.,/title/tt4283074/,No One,Morgan,Sandor Clegane,1,The Riverlands,Village,Throat slash,6,0:13:04,0:12:58
58,6,8,2016-06-12,Brienne arrives at Riverrun. Arya seeks shelter. Jaime meets with Edmure Tully. Cersei challenges the Faith. Sandor Clegane hunts for revenge. Tyrion faces the consequences of earlier decisions.,/title/tt4283074/,No One,Riddell,Sandor Clegane,1,The Riverlands,Village,Chest stab,6,0:13:04,0:12:58
58,6,8,2016-06-12,Brienne arrives at Riverrun. Arya seeks shelter. Jaime meets with Edmure Tully. Cersei challenges the Faith. Sandor Clegane hunts for revenge. Tyrion faces the consequences of earlier decisions.,/title/tt4283074/,No One,Gatins,Sandor Clegane,1,The Riverlands,Village,Multiple stabs,7,0:13:26,0:13:04
58,6,8,2016-06-12,Brienne arrives at Riverrun. Arya seeks shelter. Jaime meets with Edmure Tully. Cersei challenges the Faith. Sandor Clegane hunts for revenge. Tyrion faces the consequences of earlier decisions.,/title/tt4283074/,No One,Lem Lemoncloak,Sandor Clegane,1,The Riverlands,Forest,Hanging,46,0:51:07,0:48:25
58,6,8,2016-06-12,Brienne arrives at Riverrun. Arya seeks shelter. Jaime meets with Edmure Tully. Cersei challenges the Faith. Sandor Clegane hunts for revenge. Tyrion faces the consequences of earlier decisions.,/title/tt4283074/,No One,Lady Crane,The Waif,1,Braavos,,Multiple stabs,50,0:54:23,0:53:59
58,6,8,2016-06-12,Brienne arrives at Riverrun. Arya seeks shelter. Jaime meets with Edmure Tully. Cersei challenges the Faith. Sandor Clegane hunts for revenge. Tyrion faces the consequences of earlier decisions.,/title/tt4283074/,No One,The Waif,Arya Stark,1,Braavos,,Multiple stabs,51,0:59:00,0:54:23
59,6,9,2016-06-19,Jon and Sansa face Ramsay Bolton on the fields of Winterfell. Daenerys strikes back at her enemies. Theon and Yara arrive in Meereen.,/title/tt4283088/,Battle of the Bastards,Razdal mo Eraz,Grey Worm,1,Meereen,,Throat slash,12,0:13:24,0:12:03
59,6,9,2016-06-19,Jon and Sansa face Ramsay Bolton on the fields of Winterfell. Daenerys strikes back at her enemies. Theon and Yara arrive in Meereen.,/title/tt4283088/,Battle of the Bastards,Belicho Paenymion,Grey Worm,1,Meereen,,Throat slash,12,0:13:24,0:12:03
59,6,9,2016-06-19,Jon and Sansa face Ramsay Bolton on the fields of Winterfell. Daenerys strikes back at her enemies. Theon and Yara arrive in Meereen.,/title/tt4283088/,Battle of the Bastards,Rickon Stark,Ramsay Snow,1,The North,Outside Winterfell,Arrow,36,0:38:38,0:37:11
59,6,9,2016-06-19,Jon and Sansa face Ramsay Bolton on the fields of Winterfell. Daenerys strikes back at her enemies. Theon and Yara arrive in Meereen.,/title/tt4283088/,Battle of the Bastards,Smalljon Umber,Tormund Giantsbane,1,The North,Outside Winterfell,Multiple stabs,57,0:51:28,0:51:14
59,6,9,2016-06-19,Jon and Sansa face Ramsay Bolton on the fields of Winterfell. Daenerys strikes back at her enemies. Theon and Yara arrive in Meereen.,/title/tt4283088/,Battle of the Bastards,Wun Wun,Ramsay Snow,1,The North,Winterfell,Arrow,63,0:54:32,0:53:59
59,6,9,2016-06-19,Jon and Sansa face Ramsay Bolton on the fields of Winterfell. Daenerys strikes back at her enemies. Theon and Yara arrive in Meereen.,/title/tt4283088/,Battle of the Bastards,Ramsay Snow,Sansa Stark,1,The North,Winterfell,Mauling,71,1:00:44,0:57:12
60,6,10,2016-06-26,Cersei and Loras Tyrell stand trial by the gods. Daenerys prepares to set sail for Westeros. Davos confronts Melisandre. Sam and Gilly arrive in Oldtown. Bran discovers a long kept secret. Lord Frey has an uninvited guest.,/title/tt4283094/,The Winds of Winter,Grand Maester Pycelle,Frances,1,The Crownlands,King's Landing,Multiple stabs,30,0:17:00,0:16:44
60,6,10,2016-06-26,Cersei and Loras Tyrell stand trial by the gods. Daenerys prepares to set sail for Westeros. Davos confronts Melisandre. Sam and Gilly arrive in Oldtown. Bran discovers a long kept secret. Lord Frey has an uninvited guest.,/title/tt4283094/,The Winds of Winter,Grand Maester Pycelle,Little Bird #3,2,The Crownlands,King's Landing,Multiple stabs,30,0:17:00,0:16:44
60,6,10,2016-06-26,Cersei and Loras Tyrell stand trial by the gods. Daenerys prepares to set sail for Westeros. Davos confronts Melisandre. Sam and Gilly arrive in Oldtown. Bran discovers a long kept secret. Lord Frey has an uninvited guest.,/title/tt4283094/,The Winds of Winter,Grand Maester Pycelle,Little Bird #4,3,The Crownlands,King's Landing,Multiple stabs,30,0:17:00,0:16:44
60,6,10,2016-06-26,Cersei and Loras Tyrell stand trial by the gods. Daenerys prepares to set sail for Westeros. Davos confronts Melisandre. Sam and Gilly arrive in Oldtown. Bran discovers a long kept secret. Lord Frey has an uninvited guest.,/title/tt4283094/,The Winds of Winter,Grand Maester Pycelle,Little Bird #5,4,The Crownlands,King's Landing,Multiple stabs,30,0:17:00,0:16:44
60,6,10,2016-06-26,Cersei and Loras Tyrell stand trial by the gods. Daenerys prepares to set sail for Westeros. Davos confronts Melisandre. Sam and Gilly arrive in Oldtown. Bran discovers a long kept secret. Lord Frey has an uninvited guest.,/title/tt4283094/,The Winds of Winter,Grand Maester Pycelle,Little Bird #6,5,The Crownlands,King's Landing,Multiple stabs,30,0:17:00,0:16:44
60,6,10,2016-06-26,Cersei and Loras Tyrell stand trial by the gods. Daenerys prepares to set sail for Westeros. Davos confronts Melisandre. Sam and Gilly arrive in Oldtown. Bran discovers a long kept secret. Lord Frey has an uninvited guest.,/title/tt4283094/,The Winds of Winter,Grand Maester Pycelle,Little Bird #7,6,The Crownlands,King's Landing,Multiple stabs,30,0:17:00,0:16:44
60,6,10,2016-06-26,Cersei and Loras Tyrell stand trial by the gods. Daenerys prepares to set sail for Westeros. Davos confronts Melisandre. Sam and Gilly arrive in Oldtown. Bran discovers a long kept secret. Lord Frey has an uninvited guest.,/title/tt4283094/,The Winds of Winter,Lancel Lannister,Cersei Lannister,1,The Crownlands,King's Landing,Wildfire,48,0:21:00,0:20:52
60,6,10,2016-06-26,Cersei and Loras Tyrell stand trial by the gods. Daenerys prepares to set sail for Westeros. Davos confronts Melisandre. Sam and Gilly arrive in Oldtown. Bran discovers a long kept secret. Lord Frey has an uninvited guest.,/title/tt4283094/,The Winds of Winter,Margaery Tyrell,Cersei Lannister,1,The Crownlands,King's Landing,Wildfire,49,0:21:06,0:21:00
60,6,10,2016-06-26,Cersei and Loras Tyrell stand trial by the gods. Daenerys prepares to set sail for Westeros. Davos confronts Melisandre. Sam and Gilly arrive in Oldtown. Bran discovers a long kept secret. Lord Frey has an uninvited guest.,/title/tt4283094/,The Winds of Winter,High Sparrow,Cersei Lannister,1,The Crownlands,King's Landing,Wildfire,49,0:21:06,0:21:00
60,6,10,2016-06-26,Cersei and Loras Tyrell stand trial by the gods. Daenerys prepares to set sail for Westeros. Davos confronts Melisandre. Sam and Gilly arrive in Oldtown. Bran discovers a long kept secret. Lord Frey has an uninvited guest.,/title/tt4283094/,The Winds of Winter,Loras Tyrell,Cersei Lannister,1,The Crownlands,King's Landing,Wildfire,49,0:21:06,0:21:00
60,6,10,2016-06-26,Cersei and Loras Tyrell stand trial by the gods. Daenerys prepares to set sail for Westeros. Davos confronts Melisandre. Sam and Gilly arrive in Oldtown. Bran discovers a long kept secret. Lord Frey has an uninvited guest.,/title/tt4283094/,The Winds of Winter,Mace Tyrell,Cersei Lannister,1,The Crownlands,King's Landing,Wildfire,49,0:21:06,0:21:00
60,6,10,2016-06-26,Cersei and Loras Tyrell stand trial by the gods. Daenerys prepares to set sail for Westeros. Davos confronts Melisandre. Sam and Gilly arrive in Oldtown. Bran discovers a long kept secret. Lord Frey has an uninvited guest.,/title/tt4283094/,The Winds of Winter,Kevan Lannister,Cersei Lannister,1,The Crownlands,King's Landing,Wildfire,49,0:21:06,0:21:00
60,6,10,2016-06-26,Cersei and Loras Tyrell stand trial by the gods. Daenerys prepares to set sail for Westeros. Davos confronts Melisandre. Sam and Gilly arrive in Oldtown. Bran discovers a long kept secret. Lord Frey has an uninvited guest.,/title/tt4283094/,The Winds of Winter,Tommen Baratheon,Tommen Baratheon,1,The Crownlands,King's Landing,Falling,55,0:26:34,0:25:40
60,6,10,2016-06-26,Cersei and Loras Tyrell stand trial by the gods. Daenerys prepares to set sail for Westeros. Davos confronts Melisandre. Sam and Gilly arrive in Oldtown. Bran discovers a long kept secret. Lord Frey has an uninvited guest.,/title/tt4283094/,The Winds of Winter,Lothar Frey,Arya Stark,1,The Riverlands,The Twins,,75,0:52:28,0:51:04
60,6,10,2016-06-26,Cersei and Loras Tyrell stand trial by the gods. Daenerys prepares to set sail for Westeros. Davos confronts Melisandre. Sam and Gilly arrive in Oldtown. Bran discovers a long kept secret. Lord Frey has an uninvited guest.,/title/tt4283094/,The Winds of Winter,Black Walder Rivers,Arya Stark,1,The Riverlands,The Twins,,75,0:52:28,0:51:04
60,6,10,2016-06-26,Cersei and Loras Tyrell stand trial by the gods. Daenerys prepares to set sail for Westeros. Davos confronts Melisandre. Sam and Gilly arrive in Oldtown. Bran discovers a long kept secret. Lord Frey has an uninvited guest.,/title/tt4283094/,The Winds of Winter,Walder Frey,Arya Stark,1,The Riverlands,The Twins,Throat slash,76,0:53:21,0:52:28
62,7,2,2017-07-23,Daenerys receives an unexpected visitor. Jon faces resistance. Tyrion plans the conquest of Westeros. Cersei gathers her allies. Arya has a reunion with old friends. Sam risks his career and life.,/title/tt5655178/,Stormborn,Obara Sand,Euron Greyjoy,1,The Narrow Sea,,Chest stab,48,0:55:48,0:55:29
62,7,2,2017-07-23,Daenerys receives an unexpected visitor. Jon faces resistance. Tyrion plans the conquest of Westeros. Cersei gathers her allies. Arya has a reunion with old friends. Sam risks his career and life.,/title/tt5655178/,Stormborn,Nymeria Sand,Euron Greyjoy,1,The Narrow Sea,,Choking,49,0:56:03,0:55:48
63,7,3,2017-07-30,Daenerys and Jon meet. Cersei gains a new ally. Sansa receives an unexpected visitor. Sam is confronted for his actions.,/title/tt5775840/,The Queen's Justice,Tyene Sand,Cersei Lannister,1,The Crownlands,King's Landing,Poison,17,0:30:03,0:29:54
63,7,3,2017-07-30,Daenerys and Jon meet. Cersei gains a new ally. Sansa receives an unexpected visitor. Sam is confronted for his actions.,/title/tt5775840/,The Queen's Justice,Olenna Tyrell,Jaime Lannister,1,The Reach,Highgarden,Poison,50,1:03:04,0:57:30
65,7,5,2017-08-13,Daenerys demands loyalty from the surviving Lannister soldiers; Jon heeds Bran's warning about White Walkers on the move; Cersei vows to vanquish anyone or anything that stands in her way.,/title/tt5775854/,Eastwatch,Randyll Tarly,Daenerys Targaryen,1,The Crownlands,Blackwater Rush,Dragon,6,0:11:21,0:06:41
65,7,5,2017-08-13,Daenerys demands loyalty from the surviving Lannister soldiers; Jon heeds Bran's warning about White Walkers on the move; Cersei vows to vanquish anyone or anything that stands in her way.,/title/tt5775854/,Eastwatch,Dickon Tarly,Daenerys Targaryen,1,The Crownlands,Blackwater Rush,Dragon,6,0:11:21,0:06:41
65,7,5,2017-08-13,Daenerys demands loyalty from the surviving Lannister soldiers; Jon heeds Bran's warning about White Walkers on the move; Cersei vows to vanquish anyone or anything that stands in her way.,/title/tt5775854/,Eastwatch,Kevin Eldon,Gendry,1,The Crownlands,King's Landing,Head crush,33,0:40:19,0:39:16
65,7,5,2017-08-13,Daenerys demands loyalty from the surviving Lannister soldiers; Jon heeds Bran's warning about White Walkers on the move; Cersei vows to vanquish anyone or anything that stands in her way.,/title/tt5775854/,Eastwatch,Laurence Spellman,Gendry,1,The Crownlands,King's Landing,Head crush,33,0:40:19,0:39:16
66,7,6,2017-08-20,Jon and his team go beyond the wall to capture a wight. Daenerys has to make a tough decision.,/title/tt5775864/,Beyond the Wall,White Walker,Jon Snow,1,North of the Wall,The Haunted Forest,Chest stab,27,0:33:44,0:33:20
66,7,6,2017-08-20,Jon and his team go beyond the wall to capture a wight. Daenerys has to make a tough decision.,/title/tt5775864/,Beyond the Wall,Viserion,The Night King,1,North of the Wall,The Haunted Forest,Chest stab,48,0:54:47,0:54:04
66,7,6,2017-08-20,Jon and his team go beyond the wall to capture a wight. Daenerys has to make a tough decision.,/title/tt5775864/,Beyond the Wall,Benjen Stark,Wights,1,North of the Wall,The Haunted Forest,Multiple stabs,58,0:59:06,0:58:55
67,7,7,2017-08-27,Season finale of the epic series.,/title/tt5775874/,The Dragon and the Wolf,Harrag,Theon Greyjoy,1,The Crownlands,Dragonstone,Beaten,49,0:55:32,0:51:19
67,7,7,2017-08-27,Season finale of the epic series.,/title/tt5775874/,The Dragon and the Wolf,Petyr Baelish,Arya Stark,1,The North,Winterfell,Throat slash,52,1:01:47,0:56:07
68,8,1,2019-04-14,Jon and Daenerys arrive in Winterfell and are met with skepticism. Sam learns about the fate of his family. Cersei gives Euron the reward he aims for. Theon follows his heart.,/title/tt5924366/,Winterfell,Ned Umber,The Night King,1,The North,Last Hearth,Chest stab,83,0:53:15,0:52:14
70,8,3,2019-04-28,The Night King and his army have arrived at Winterfell and the great battle begins.,/title/tt6027912/,The Long Night,Eddison Tollett,Wight,1,The North,Winterfell,Chest stab,120,0:21:47,0:21:34
70,8,3,2019-04-28,The Night King and his army have arrived at Winterfell and the great battle begins.,/title/tt6027912/,The Long Night,Lyanna Mormont,Wun Wun Wight,1,The North,Winterfell,Crushed,213,0:44:20,0:43:35
70,8,3,2019-04-28,The Night King and his army have arrived at Winterfell and the great battle begins.,/title/tt6027912/,The Long Night,Wun Wun Wight,Lyanna Mormont,1,The North,Winterfell,Dragonglass Eye Stab,213,0:44:20,0:43:35
70,8,3,2019-04-28,The Night King and his army have arrived at Winterfell and the great battle begins.,/title/tt6027912/,The Long Night,Beric Dondarrion,Wights,1,The North,Winterfell,Multiple stabs,223,0:54:22,0:53:39
70,8,3,2019-04-28,The Night King and his army have arrived at Winterfell and the great battle begins.,/title/tt6027912/,The Long Night,Theon Greyjoy,The Night King,1,The North,Winterfell,Gut stab,272,1:15:12,1:14:49
70,8,3,2019-04-28,The Night King and his army have arrived at Winterfell and the great battle begins.,/title/tt6027912/,The Long Night,The Night King,Arya Stark,1,The North,Winterfell,Chest stab,279,1:17:47,1:17:21
70,8,3,2019-04-28,The Night King and his army have arrived at Winterfell and the great battle begins.,/title/tt6027912/,The Long Night,White Walker,Arya Stark,1,The North,Winterfell,Dead Night King,279,1:17:47,1:17:21
70,8,3,2019-04-28,The Night King and his army have arrived at Winterfell and the great battle begins.,/title/tt6027912/,The Long Night,Viserion,Arya Stark,1,The North,Winterfell,Dead Night King,280,1:17:55,1:17:47
70,8,3,2019-04-28,The Night King and his army have arrived at Winterfell and the great battle begins.,/title/tt6027912/,The Long Night,Jorah Mormont,Wights,1,The North,Winterfell,Multiple stabs,288,1:19:44,1:19:24